slug,name,tagline,description,category,price,compareAtPrice,occasions,recipients,tags,images,includes,leadTimeDays,available,featured,customizable,variantLabel
pink-self-care-basket,Pink Self-Care Basket,A small permission slip to slow down,"Our most requested basket, and the one we gift most often ourselves. Everything inside is chosen to be used, not shelved — a candle that actually smells like vanilla, a hand cream she'll keep in her bag, and chocolate that never survives the week.",self-care,,,birthday;mothers-day;just-because;graduation,for-her,bestseller;under 5k;ready to ship,photo-1557492993-01989e8ed6d7|Wicker basket filled with pastel cosmetic boxes;photo-1580870069867-74c57ee1bb07|Skincare bottles arranged with pink flower petals;photo-1572726729207-a78d6feb18d7|Two amber glass candle jars on a pale surface;photo-1620916566398-39f1143ab7be|A tube of body lotion resting on soft white fabric,"Mini vanilla scented candle | 20 hr burn, soy blend;Shea hand cream | Travel size;Satin scrunchie | Blush or dusty rose;Artisan chocolate bar;Handwritten note card",1,yes,yes,yes,Size
birthday-bliss,Birthday Bliss,The one that gets opened first,"Built for the person who insists they ""don't want a fuss"" and then talks about their birthday for a week. Bright, sweet and photographable, with room to add their favourite thing.",celebration,,,birthday;graduation;just-because,for-her;for-him,bestseller;personalised card,"photo-1759607574688-af5711054087|Pink balloons and cake arranged for a birthday;photo-1585645187037-a27267194293|A polka dot gift box tied with ribbon;photo-1548741487-18d363dc4469|An open box of assorted chocolates;photo-1769286145156-70a40fff80ec|Gift basket with a book, candle and ribbon",Birthday number candle;Assorted chocolate selection | 9 pieces;Confetti-filled keepsake box;Balloon & ribbon set;Personalised birthday card,2,yes,yes,yes,Size
love-and-romance,Love & Romance,"Roses, candlelight and something to keep","For anniversaries, proposals and the apology you actually mean. Deep burgundy ribbon, preserved roses that outlast the week, and a folded letter card we leave blank for you.",romance,,8000,anniversary;valentines;wedding,for-her;for-couples,bestseller;preserved roses,photo-1523693916903-027d144a2b7d|A bouquet of pink and white roses;photo-1623284060556-37e5ff559dd3|Heart-shaped box of chocolate dipped strawberries;photo-1509024102370-fd7802f4a7a7|A gift tied with ribbon beside a tealight candle;photo-1595425959632-34f2822322ce|A perfume bottle surrounded by pink petals,Preserved rose arrangement | Lasts 12+ months;Belgian chocolate truffles | Box of 12;Amber glass candle | Oud & rose;Silk-lined keepsake box;Handwritten letter card,2,yes,yes,yes,Size
self-care-sunday,Self-Care Sunday,"An entire evening, boxed","A longer, slower version of our signature self-care basket. Bath, skin, scent and something warm to drink — arranged so it looks like a spa the moment the lid comes off.",self-care,,,mothers-day;birthday;just-because,for-her;for-new-mums,spa at home;gift for her,"photo-1451443700141-5ddb6d85a8fc|Bath essentials arranged on a wooden crate;photo-1552046122-03184de85e08|A jar of cream, serum bottle and sheet mask;photo-1587829784100-d9d9149fbb77|A folded towel resting on a woven basket;photo-1664849271854-26ed0d81d813|A book beside two cups of tea",Bath salts | Rose & himalayan;Sheet mask duo;Body butter;Loose-leaf tea tin;Cotton eye mask;Soy candle | Fig & cashmere,2,yes,yes,yes,Size
bridal-glow,Bridal Glow,For the week that changes everything,"Our bridal hamper, put together for the days before the wedding when nobody remembers to look after the bride. Can be scaled into matching bridesmaid boxes in the same palette.",celebration,,,wedding;bridal-shower,for-her,bridal;bridesmaid sets available,photo-1755493872657-258e83e22279|A wedding table dressed with white flowers and candles;photo-1525772764200-be829a350797|Three slim white taper candles;photo-1719813777006-328e62f6e6d8|Three pink perfume bottles in a row;photo-1579664872746-55e2a805d705|Three pink peonies against a plain background,Silk robe | Embroidered with her initial;Luxury perfume rollerball;Glow facial set | 3 pieces;Pearl hair pins;Preserved peony stem;Personalised vow card,4,yes,yes,yes,Size
sweet-celebration,Sweet Celebration,When the answer is simply chocolate,"Nothing complicated. A generous, beautifully arranged spread of chocolate and confectionery for the person who would rather have this than flowers.",petite,,,birthday;just-because;eid;graduation,for-her;for-him,under 5k;ready to ship,photo-1481391319762-47dff72954d9|Chocolates arranged with their box on a white surface;photo-1526081715791-7c538f86060e|A tray of assorted chocolates;photo-1548741487-18d363dc4469|An opened box of chocolates;photo-1513201099705-a9746e1e201f|A kraft gift box tied with pink ribbon,Belgian truffle box | 16 pieces;Two artisan chocolate bars;Chocolate-coated dates;Ribboned kraft box;Gift note,1,yes,no,yes,Size
eid-mubarak-hamper,Eid Mubarak Hamper,The one you send to everyone,"Designed for the long list — parents, in-laws, the neighbours who always send something first. Elegant enough to arrive on its own, and we can ship several at once to different addresses.",signature,,,eid,for-her;for-him;for-couples,seasonal;multi-address shipping,photo-1780744973119-efad58730706|Decorative crescent moons on a wooden surface;photo-1559819909-1a00f09edee4|An Eid Mubarak greeting arrangement;photo-1771886587700-2096f5edef4c|A vase of flowers on a soft pink background;photo-1672575007490-8b4764e43e68|A present finished in gold and white ribbon,Medjool dates | Premium grade;Mixed dry fruit & nuts;Assorted chocolate box;Brass crescent keepsake;Gold-foiled Eid card;Bakhoor sachet,3,yes,yes,yes,Size
little-luxury,Little Luxury,"Small box, disproportionate joy","Our petite format — the one people order on a whim and then order again. Three well-chosen things and a note, in a box that fits through most letterboxes.",petite,2900,,just-because;birthday;graduation,for-her,under 3k;ready to ship,photo-1646182504823-a02b768e28b5|A gift wrapped in pink ribbon on a floral background;photo-1535551393484-1a1907f51759|Pink and cream lace ribbons;photo-1594320207823-405209d4a92b|A floral ribbon resting on writing paper;photo-1572726729207-a78d6feb18d7|Two small amber candle jars,Travel candle;Lip balm;Chocolate bar;Handwritten note card,1,yes,no,yes,
corporate-elegance,Corporate Elegance,Gifting that reflects well on you,"Restrained, premium and gender-neutral. We can print your logo on the card, match ribbon to your brand colours, and deliver 10 to 500 units on one invoice.",corporate,,,corporate;eid,for-teams;for-him;for-her,bulk pricing;branded card;invoice,photo-1760804876134-a8089aaeccca|A white gift box with gold detailing;photo-1716540103530-cc33cdd20cde|A dark presentation box with a gold emblem;photo-1595246007497-15e0ed4b8d96|A kraft presentation box on a white table;photo-1664849271854-26ed0d81d813|A book beside two cups of tea,Ceramic desk mug;Premium coffee or tea selection;Leather-bound notebook;Dark chocolate selection;Branded greeting card,5,yes,no,yes,Size
the-laraib-signature,The Laraib Signature,"Everything we do best, in one box","Our largest basket and the one we are proudest of. Twelve pieces, layered in tissue, finished with hand-tied double ribbon and a wax seal. Built entirely around the person receiving it.",signature,,,wedding;anniversary;birthday;corporate,for-her;for-couples,fully bespoke;wax seal finish,photo-1633074157732-731f042cf9b1|A woven hamper filled with an assortment of gifts;photo-1508899203029-1c9eb493c9bd|A generously filled gift basket;photo-1680563094046-5d846e2c59d1|A bouquet of pink roses wrapped in paper;photo-1543769657-fcf1236421bc|Handwritten cursive script on paper,"Twelve hand-picked pieces | Chosen with you over WhatsApp;Preserved floral accent;Premium candle;Luxury chocolate;Keepsake item | Jewellery, ceramics or leather;Wax-sealed handwritten letter",5,yes,yes,yes,Size
new-mum-nest,New Mum Nest,"For her, not only the baby","Everyone sends something for the baby. This one is for the person who just did the hardest thing. Practical, soft and easy to reach for at 3am.",self-care,,,just-because;mothers-day,for-new-mums;for-her,thoughtful;gift for her,photo-1620916566398-39f1143ab7be|A tube of lotion on soft white fabric;photo-1587829784100-d9d9149fbb77|A folded towel on a woven basket;photo-1516482432561-9f509937f28b|A white wicker basket;photo-1664849271854-26ed0d81d813|A book beside two cups of tea,"Nipple & body balm | Fragrance free;Bamboo socks;Lactation-friendly snack box;Herbal tea tin;Silk eye mask;Note card for her, not the baby",2,yes,no,yes,Size
thank-you-always,"Thank You, Always",For the person who quietly does everything,"A modest basket that lands with real weight — for teachers, colleagues, helpers and the friend who showed up when it counted.",petite,,,just-because;corporate;graduation,for-her;for-him;for-teams,under 5k;ready to ship,photo-1529066496421-d8fb2dca38a6|An invitation card laid flat with soft styling;photo-1513201099705-a9746e1e201f|A kraft box tied with pink ribbon;photo-1637597384611-0c33cef6ec03|A stack of aged envelopes;photo-1526081715791-7c538f86060e|A tray of assorted chocolates,Tea or coffee selection;Chocolate box | 9 pieces;Scented sachet;Handwritten thank-you card,1,yes,no,yes,Size
the-glow-hour,The Glow Hour,Everything for the hour before she walks out the door,"Blush palette, glosses, hand cream and a sheet mask packed into a square wicker tray, with roses in one corner and a little pink bear in the other. It's the basket for the friend who does her own glam and still wants somebody to make a fuss of her. Tell us her shades and we'll pick them — otherwise we choose the ones that suit almost everyone.",self-care,4400,5000,birthday;graduation;eid;just-because,for-her,beauty;makeup;flowers included;ready to ship,"glow-hour-01.jpg|Square wicker basket holding a blush palette, lip glosses, hand cream, a sheet mask, pink roses and a small pink teddy bear",Emelie 4-colour blush palette;Emelie lip gloss | 2 shades;3Q Beauty Hot Pink lip oil;Meidián strawberry hand cream;Bioaqua sheet mask;Mocallure mini compact;Rollerball fragrance vial;Pink plush bear;Roses & white gypsophila | Hand-set;Pink satin ribbon finish;Handwritten card,2,yes,yes,yes,
blush-velvet-box,Blush Velvet Box,"Roses, chocolate, and a few things she'll actually use","A velvet-soft pink box filled with soap roses and gypsophila, with the gifts tucked in among them — a cube-cap perfume, a cherry lip oil, burgundy press-on nails, hand cream, a fruit paper soap tube, and two KitKats standing on skewers because not every gift has to be serious. It arrives with the lid on and a black satin bow.",celebration,6000,6500,birthday;just-because;valentines;anniversary,for-her,hat box;flowers included;chocolate;perfume;velvet,"blush-velvet-box-01.jpg|Large pink velvet hat box filled with roses and gifts, its lid resting beside it;blush-velvet-box-02.jpg|Overhead view of crimson and blush soap roses around a gold-capped perfume, press-on nails, a paper soap tube and two KitKat bars","Large pink velvet hat box | With lid;Soap roses | 8 heads, crimson and blush;White gypsophila;Cube-cap perfume;Cherry lip oil;Merrycolor press-on nails | Burgundy, 24 pc;Meidián fruit hand cream | 30g;Fruit paper soap tube;KitKat | 2 bars, skewer-mounted;Black satin ribbon bow;Handwritten card",2,yes,yes,yes,
midnight-rose,Midnight Rose,"Deep burgundy, and one small bear who came to celebrate","Wine-red roses packed shoulder to shoulder in a matte black box, with white gypsophila threaded between them and a little bear in a party hat sitting in the middle of it all. The black makes the red look darker than it is — which is the whole point. Small enough to carry in one hand, dramatic enough that nobody forgets it.",romance,2600,,birthday;anniversary;valentines;just-because,for-her,hat box;flowers included;teddy;burgundy;under 5k,"midnight-rose-01.jpg|Matte black hat box packed with deep burgundy roses and white gypsophila, a small white teddy bear in a pink striped party hat sitting in the centre","Black hat box | Matte, with lid;Burgundy roses | 7 heads, hand-set;White gypsophila | 3 sprays;Small white plush bear | In a party hat;Black pearl accent;Handwritten card",2,yes,yes,yes,
roses-and-ramen,Roses & Ramen,For the one who'd rather have noodles than chocolate,"Korean fire noodles, Indonesian mi goreng and two bags of crisps, stacked into a black and gold tray with four burgundy roses across the front and a net veil over the top. It started as a joke gift and turned into one of the ones people ask for by name. Not everyone wants flowers. Some people want Buldak.",celebration,4200,,birthday;just-because;graduation,for-her;for-him,snacks;noodles;spicy;unisex;ready to ship,"roses-and-ramen-01.jpg|Black and gold tray hamper filled with Korean fire noodles, mi goreng and crisps under a net veil, with four burgundy roses across the front","Samyang Buldak Habanero Lime | 2 packs;Noody Cream Carbonara | Limited edition;Mi ABC mi goreng | 2 packs;Lays Maxx Spicy Kimchi;Lays Wavy BBQ;Burgundy roses | 4 heads;Black and gold tray | Net veil, gold bow;Handwritten card",1,yes,no,yes,
twelve-bangles,Twelve Bangles,"Twelve bangles, and everything else you'd hand a girl the night before Eid","A soft pink basket of bangles, earrings, chocolate, a face mask and a small teddy, gathered in gypsophila and tied under pink tulle with two satin bows. The bangles are the point — twelve of them, the way they're meant to be given. Everything else is what you add so it isn't only bangles.",celebration,4200,,eid;birthday;just-because;bridal-shower,for-her,bangles;jewellery;eid;twelve bangals;pink;wrapped,"twelve-bangals-01.jpg|Soft pink basket of bangles, a teddy and white gypsophila wrapped in pink tulle and tied with two satin bows","Glass bangles | 12, one set;Earrings;Face mask;Chocolate;Small plush teddy;White gypsophila;Pink tulle wrap | Two satin bows;Handwritten card",2,yes,no,yes,
bear-hug,Bear Hug,"A cream teddy, two bars of chocolate, and no occasion required","A cream teddy holding a small pink heart, two bars of Dairy Milk, and a soft drift of gypsophila and greenery in a white box tied with pink satin. Nothing in it shouts. It's the basket for a friend having a hard week, a thank-you that doesn't need a reason, or the day you just want someone to know you thought of them.",celebration,2500,,just-because;birthday;mothers-day,for-her,teddy;chocolate;gentle;thinking of you;white box,"bear-hug-01.jpg|White round box holding a cream teddy bear with a pink heart, two bars of Dairy Milk and a drift of white gypsophila and green foliage, tied with a pink satin bow",Cream plush teddy | Holding a pink heart;Cadbury Dairy Milk | 2 bars;White gypsophila;Green foliage and blush buds;White hat box | Pink satin ribbon and bow;Handwritten card,2,yes,no,yes,